{
    "delay": {
        "'00:00:05'": 0.25,
        "'0:0:5'": 0.75
    },
    "SLEEP(2)": {
        "=": 0.23529411764705882,
        "--": 0.29411764705882354,
        "ANd": 0.058823529411764705,
        "#": 0.29411764705882354,
        "+": 0.058823529411764705,
        "&&": 0.058823529411764705
    },
    "#": {},
    "benchmark(10000000,MD5(1))": {
        "#": 1.0
    },
    "\"": {
        ")": 0.6153846153846154,
        "or": 0.3076923076923077,
        ";": 0.07692307692307693
    },
    ")": {
        ")": 0.3333333333333333,
        "or": 0.5,
        ";": 0.16666666666666666
    },
    "'": {
        ";": 0.058823529411764705,
        "1": 0.11764705882352941,
        "or": 0.23529411764705882,
        "AnD": 0.058823529411764705,
        "&&": 0.058823529411764705,
        ")": 0.47058823529411764
    },
    "'vRxe'='vRxe": {},
    "benchmark(50000000,MD5(1))": {
        "--": 0.5,
        "#": 0.5
    },
    "'0:0:5'": {
        "--": 1.0
    },
    "(SELECT": {
        "*": 1.0
    },
    ";": {
        "waitfor": 1.0
    },
    "ANd": {
        "'": 1.0
    },
    "(SELECT(SLEEP(2)))bAKL)": {
        "AND": 1.0
    },
    "=": {
        "\"": 0.5,
        "'": 0.5
    },
    "--": {},
    "BY": {
        "SLEEP(2)": 1.0
    },
    "(SELECT(SLEEP(2)))nQIP)": {
        "--": 0.5,
        "#": 0.5
    },
    "pg_sleep(2)": {
        "--": 1.0
    },
    "AND": {
        "(SELECT": 0.8,
        "'vRxe'='vRxe": 0.2
    },
    "+": {
        "'": 0.5,
        "SLEEP(2)": 0.5
    },
    "&&": {
        "'": 0.2,
        "SLEEP(2)": 0.8
    },
    "FROM": {
        "(SELECT(SLEEP(2)))bAKL)": 0.25,
        "(SELECT(SLEEP(2)))nQIP)": 0.75
    },
    "ORDER": {
        "BY": 1.0
    },
    "sleep(2)": {
        "=": 0.5,
        "#": 0.5
    },
    "*": {
        "FROM": 1.0
    },
    "pg_SLEEP(2)": {
        "--": 0.5,
        "#": 0.5
    },
    "1": {
        ")": 0.6666666666666666,
        "or": 0.3333333333333333
    },
    "'00:00:05'": {
        "--": 0.5,
        "#": 0.5
    },
    "AnD": {
        "SLEEP(2)": 1.0
    },
    "waitfor": {
        "delay": 1.0
    },
    "or": {
        "sleep(2)": 0.275,
        "benchmark(50000000,MD5(1))": 0.075,
        "pg_SLEEP(2)": 0.075,
        "pg_sleep(2)": 0.225,
        "SLEEP(2)": 0.125,
        "benchmark(10000000,MD5(1))": 0.225
    }
}
