{
    ")": {
        ")": 0.36538461538461536,
        "/": 0.00641025641025641,
        ";": 0.038461538461538464,
        "n": 0.019230769230769232,
        "Y": 0.00641025641025641,
        "b": 0.00641025641025641,
        "+": 0.00641025641025641,
        "-": 0.1346153846153846,
        "e": 0.019230769230769232,
        "#": 0.17307692307692307,
        "&": 0.00641025641025641,
        "=": 0.0641025641025641,
        " ": 0.15384615384615385
    },
    "M": {
        "j": 0.09090909090909091,
        "B": 0.18181818181818182,
        " ": 0.24242424242424243,
        "D": 0.48484848484848486
    },
    "o": {
        "C": 0.017543859649122806,
        "r": 0.9824561403508771
    },
    "%": {
        "'": 1.0
    },
    "B": {
        "C": 0.21052631578947367,
        "(": 0.3157894736842105,
        "L": 0.3157894736842105,
        "Y": 0.15789473684210525
    },
    "P": {
        ")": 0.061224489795918366,
        "(": 0.7755102040816326,
        "P": 0.08163265306122448,
        "E": 0.08163265306122448
    },
    "r": {
        "k": 0.2328767123287671,
        " ": 0.7671232876712328
    },
    "1": {
        ")": 0.5909090909090909,
        "(": 0.022727272727272728,
        " ": 0.06818181818181818,
        "0": 0.3181818181818182
    },
    "-": {
        "-": 1.0
    },
    "b": {
        "e": 0.9444444444444444,
        "A": 0.05555555555555555
    },
    "C": {
        "T": 0.7619047619047619,
        "D": 0.19047619047619047,
        ")": 0.047619047619047616
    },
    "+": {
        " ": 0.5,
        "'": 0.25,
        "b": 0.25
    },
    "0": {
        ")": 0.005025125628140704,
        "/": 0.03015075376884422,
        "5": 0.01507537688442211,
        "0": 0.7437185929648241,
        ",": 0.08542713567839195,
        ":": 0.12060301507537688
    },
    "t": {
        "f": 1.0
    },
    "&": {
        "'": 0.1,
        "S": 0.4,
        "&": 0.5
    },
    "y": {
        " ": 1.0
    },
    "m": {
        "a": 1.0
    },
    "d": {
        "e": 0.9230769230769231,
        " ": 0.07692307692307693
    },
    "(": {
        "S": 0.17647058823529413,
        "3": 0.007352941176470588,
        "5": 0.47794117647058826,
        "1": 0.25,
        "R": 0.029411764705882353,
        "'": 0.029411764705882353,
        "H": 0.029411764705882353
    },
    "g": {
        "_": 1.0
    },
    ";": {
        "w": 1.0
    },
    "F": {
        "R": 0.6666666666666666,
        "G": 0.3333333333333333
    },
    "L": {
        ")": 0.015384615384615385,
        "E": 0.8307692307692308,
        "I": 0.06153846153846154,
        "O": 0.09230769230769231
    },
    "G": {
        "'": 1.0
    },
    "Q": {
        "I": 1.0
    },
    "X": {
        "(": 1.0
    },
    "*": {
        " ": 0.8,
        "'": 0.1,
        "/": 0.1
    },
    "R": {
        "(": 0.14285714285714285,
        "x": 0.07142857142857142,
        "O": 0.2857142857142857,
        " ": 0.17857142857142858,
        "A": 0.21428571428571427,
        "D": 0.10714285714285714
    },
    "j": {
        ")": 0.75,
        "o": 0.25
    },
    "k": {
        "(": 1.0
    },
    "h": {
        "m": 1.0
    },
    "\"": {
        ")": 0.5333333333333333,
        " ": 0.3333333333333333,
        "*": 0.06666666666666667,
        ";": 0.06666666666666667
    },
    "i": {
        "t": 1.0
    },
    "x": {
        "e": 1.0
    },
    "/": {
        "2": 0.8571428571428571,
        "*": 0.14285714285714285
    },
    "K": {
        "E": 0.8,
        "L": 0.2
    },
    "Y": {
        "j": 0.25,
        " ": 0.75
    },
    "a": {
        "i": 0.2926829268292683,
        "r": 0.4146341463414634,
        "y": 0.2926829268292683
    },
    ",": {
        "S": 0.047619047619047616,
        "M": 0.7619047619047619,
        "U": 0.19047619047619047
    },
    "I": {
        "K": 0.5714285714285714,
        "P": 0.42857142857142855
    },
    "p": {
        "(": 0.5789473684210527,
        "g": 0.42105263157894735
    },
    "H": {
        "E": 0.8,
        "A": 0.2
    },
    "7": {
        "=": 1.0
    },
    "U": {
        "P": 1.0
    },
    "\\": {
        "\"": 1.0
    },
    "2": {
        ")": 0.5454545454545454,
        "0": 0.09090909090909091,
        "9": 0.36363636363636365
    },
    " ": {
        "B": 0.01948051948051948,
        "(": 0.08441558441558442,
        "o": 0.21428571428571427,
        "S": 0.09740259740259741,
        "\"": 0.006493506493506494,
        "F": 0.05194805194805195,
        "+": 0.006493506493506494,
        "b": 0.07792207792207792,
        "*": 0.05194805194805195,
        "'": 0.11038961038961038,
        "p": 0.07792207792207792,
        "2": 0.025974025974025976,
        "s": 0.07142857142857142,
        "A": 0.025974025974025976,
        "d": 0.07792207792207792
    },
    "w": {
        "a": 1.0
    },
    "s": {
        "l": 1.0
    },
    "_": {
        "S": 0.375,
        "s": 0.625
    },
    "f": {
        "o": 1.0
    },
    "A": {
        "B": 0.15384615384615385,
        "K": 0.038461538461538464,
        "n": 0.15384615384615385,
        "1": 0.038461538461538464,
        "N": 0.6153846153846154
    },
    "9": {
        "4": 1.0
    },
    "S": {
        "E": 0.2909090909090909,
        "L": 0.6909090909090909,
        "H": 0.01818181818181818
    },
    "E": {
        "E": 0.2992125984251969,
        "(": 0.031496062992125984,
        "F": 0.031496062992125984,
        "L": 0.12598425196850394,
        "P": 0.2992125984251969,
        "X": 0.031496062992125984,
        "C": 0.12598425196850394,
        "R": 0.05511811023622047
    },
    "4": {
        "7": 1.0
    },
    "v": {
        "R": 1.0
    },
    "3": {
        "2": 1.0
    },
    "n": {
        "c": 0.7083333333333334,
        "Q": 0.125,
        "D": 0.16666666666666666
    },
    "5": {
        ")": 0.6021505376344086,
        "(": 0.17204301075268819,
        "0": 0.0967741935483871,
        "'": 0.12903225806451613
    },
    "T": {
        "(": 0.5,
        " ": 0.5
    },
    "e": {
        "n": 0.22077922077922077,
        "e": 0.2857142857142857,
        "'": 0.012987012987012988,
        "p": 0.2857142857142857,
        "l": 0.15584415584415584,
        "c": 0.03896103896103896
    },
    "#": {},
    "'": {
        ")": 0.14285714285714285,
        "%": 0.017857142857142856,
        "\"": 0.017857142857142856,
        ";": 0.017857142857142856,
        "v": 0.03571428571428571,
        "1": 0.03571428571428571,
        "-": 0.17857142857142858,
        "0": 0.21428571428571427,
        "#": 0.017857142857142856,
        "&": 0.017857142857142856,
        ",": 0.07142857142857142,
        "=": 0.03571428571428571,
        "\\": 0.017857142857142856,
        " ": 0.10714285714285714,
        "A": 0.07142857142857142
    },
    "l": {
        "a": 0.35294117647058826,
        "e": 0.6470588235294118
    },
    "=": {
        "\"": 0.3125,
        "L": 0.25,
        "'": 0.4375
    },
    "O": {
        "B": 0.24,
        "M": 0.56,
        "R": 0.2
    },
    "N": {
        "D": 0.9375,
        "d": 0.0625
    },
    "c": {
        "M": 0.15,
        "h": 0.85
    },
    ":": {
        "0": 0.625,
        "5": 0.375
    },
    "D": {
        "E": 0.16666666666666666,
        " ": 0.30952380952380953,
        "O": 0.14285714285714285,
        "5": 0.38095238095238093
    }
}
